"(function() { var host = window.location.hostname; var element = document.createElement('script'); var firstScript = document.getElementsByTagName('script')[0]; var url = 'https://cmp.quantcast.com' .concat('/choice/', 'XwNYEpNeFfhfr', '/', host, '/choice.js?tag_version=V2'); var uspTries = 0; var uspTriesLimit = 3; element.async = true; element.type = 'text/javascript'; element.src = url; firstScript.parentNode.insertBefore(element, firstScript); function makeStub() { var TCF_LOCATOR_NAME = '__tcfapiLocator'; var queue = []; var win = window; var cmpFrame; function addFrame() { var doc = win.document; var otherCMP = !!(win.frames[TCF_LOCATOR_NAME]); if (!otherCMP) { if (doc.body) { var iframe = doc.createElement('iframe'); iframe.style.cssText = 'display:none'; iframe.name = TCF_LOCATOR_NAME; doc.body.appendChild(iframe); } else { setTimeout(addFrame, 5); } } return !otherCMP; } function tcfAPIHandler() { var gdprApplies; var args = arguments; if (!args.length) { return queue; } else if (args[0] === 'setGdprApplies') { if ( args.length > 3 && args[2] === 2 && typeof args[3] === 'boolean' ) { gdprApplies = args[3]; if (typeof args[2] === 'function') { args[2]('set', true); } } } else if (args[0] === 'ping') { var retr = { gdprApplies: gdprApplies, cmpLoaded: false, cmpStatus: 'stub' }; if (typeof args[2] === 'function') { args[2](retr); } } else { if(args[0] === 'init' && typeof args[3] === 'object') { args[3] = Object.assign(args[3], { tag_version: 'V2' }); } queue.push(args); } } function postMessageEventHandler(event) { var msgIsString = typeof event.data === 'string'; var json = {}; try { if (msgIsString) { json = JSON.parse(event.data); } else { json = event.data; } } catch (ignore) {} var payload = json.__tcfapiCall; if (payload) { window.__tcfapi( payload.command, payload.version, function(retValue, success) { var returnMsg = { __tcfapiReturn: { returnValue: retValue, success: success, callId: payload.callId } }; if (msgIsString) { returnMsg = JSON.stringify(returnMsg); } if (event && event.source && event.source.postMessage) { event.source.postMessage(returnMsg, '*'); } }, payload.parameter ); } } while (win) { try { if (win.frames[TCF_LOCATOR_NAME]) { cmpFrame = win; break; } } catch (ignore) {} if (win === window.top) { break; } win = win.parent; } if (!cmpFrame) { addFrame(); win.__tcfapi = tcfAPIHandler; win.addEventListener('message', postMessageEventHandler, false); } }; makeStub(); var uspStubFunction = function() { var arg = arguments; if (typeof window.__uspapi !== uspStubFunction) { setTimeout(function() { if (typeof window.__uspapi !== 'undefined') { window.__uspapi.apply(window.__uspapi, arg); } }, 500); } }; var checkIfUspIsReady = function() { uspTries++; if (window.__uspapi === uspStubFunction && uspTries < uspTriesLimit) { console.warn('USP is not accessible'); } else { clearInterval(uspInterval); } }; if (typeof window.__uspapi === 'undefined') { window.__uspapi = uspStubFunction; var uspInterval = setInterval(checkIfUspIsReady, 6000); } })(); function gup(n) {n = n.replace(/[\[]/, '\\[').replace(/[\]]/, '\\]'); var r = new RegExp('[\\?&]'+n+'=([^&#]*)'); var re = r.exec(location.search); return re === null?'':decodeURIComponent(re[1].replace(/\+/g,' '));}; document.srdev = gup('srdev') var sr_is_production = true; function vjs_getUrlParameter(e){e=e.replace(/[\[]/,""\\["").replace(/[\]]/,""\\]"");e=new RegExp(""[\\?&]""+e+""=([^&#]*)"").exec(location.search);return null===e?"""":decodeURIComponent(e[1].replace(/\+/g,"" ""))}document.lang="""",""/es/""===window.location.pathname.substr(0,4)?document.lang=""es"":""/pt/""===window.location.pathname.substr(0,4)?document.lang=""pt"":""/fr/""===window.location.pathname.substr(0,4)?document.lang=""fr"":""/it/""===window.location.pathname.substr(0,4)?document.lang=""it"":""/de/""===window.location.pathname.substr(0,4)?document.lang=""de"":(window.location.pathname.substr(0,4),document.lang=""en""),vjs_getUrlParameter(""lang"")&&(document.lang=vjs_getUrlParameter(""lang"")),document.srdev=null,vjs_getUrlParameter(""srdev"")&&(document.srdev=vjs_getUrlParameter(""srdev""));var el,log_performance=!0,is_new_jscss_version=!1,sr_detect_operaMini=-1<![endif]--\x3e"",r[0];);return 4<t&&t}()),sr_detect_edge=!sr_detect_ie&&!!window.StyleMedia,sr_detect_safari=/Safari/.test(navigator.userAgent)&&/Apple Computer/.test(navigator.vendor),className=""no-js"",patt=((el=document.querySelector(""html"")).classList?el.classList.remove(className):el.className=el.className.replace(new RegExp(""(^|\\b)""+className.split("" "").join(""|"")+""(\\b|$)"",""gi""),"" ""),el.className=el.className.concat("" js""),!function(a,d,S){function E(e,t){return typeof e===t}function T(e){return""function""!=typeof d.createElement?d.createElement(e):m?d.createElementNS.call(d,""http://www.w3.org/2000/svg"",e):d.createElement.apply(d,arguments)}function R(e,t,n,r){var o,i,a,s,l=""modernizr"",c=T(""div"");(s=d.body)||((s=T(m?""svg"":""body"")).fake=!0);if(parseInt(n,10))for(;n--;)(i=T(""div"")).id=r?r[n]:l+(n+1),c.appendChild(i);return(o=T(""style"")).type=""text/css"",o.id=""s""+l,(s.fake?s:c).appendChild(o),s.appendChild(c),o.styleSheet?o.styleSheet.cssText=e:o.appendChild(d.createTextNode(e)),c.id=l,s.fake&&(s.style.background="""",s.style.overflow=""hidden"",a=u.style.overflow,u.style.overflow=""hidden"",u.appendChild(s)),o=t(c,e),s.fake?(s.parentNode.removeChild(s),u.style.overflow=a,u.offsetHeight):c.parentNode.removeChild(c),!!o}function U(e){return e.replace(/([a-z])-([a-z])/g,function(e,t,n){return t+n.toUpperCase()}).replace(/^-/,"""")}function D(e){return e.replace(/([A-Z])/g,function(e,t){return""-""+t.toLowerCase()}).replace(/^ms-/,""-ms-"")}function q(e,t){var n=e.length;if(""CSS""in a&&""supports""in a.CSS){for(;n--;)if(a.CSS.supports(D(e[n]),t))return!0;return!1}if(""CSSSupportsRule""in a){for(var r=[];n--;)r.push(""(""+D(e[n])+"":""+t+"")"");return R(""@supports (""+(r=r.join("" or ""))+"") { #modernizr { position: absolute; } }"",function(e){return""absolute""==(e=e,t=null,n=""position"",""getComputedStyle""in a?(r=getComputedStyle.call(a,e,t),o=a.console,null!==r?n&&(r=r.getPropertyValue(n)):o&&o[o.error?""error"":""log""].call(o,""getComputedStyle returning null, its possible modernizr test results are inaccurate"")):r=!t&&e.currentStyle&&e.currentStyle[n],r);var t,n,r,o})}return S}function r(e,t,n,r,o){var i,a,s=e.charAt(0).toUpperCase()+e.slice(1),l=(e+"" ""+re.join(s+"" "")+s).split("" "");if(E(t,""string"")||void 0===t){var c=l,d=t,u=r,m=o;function f(){p&&(delete L.style,delete L.modElem)}if(m=void 0!==m&&m,void 0!==u){l=q(c,u);if(void 0!==l)return l}for(var p,h,g,v,_,y=[""modernizr"",""tspan"",""samp""];!L.style&&y.length;)p=!0,L.modElem=T(y.shift()),L.style=L.modElem.style;for(g=c.length,h=0;h"",c=""hidden""in _,h=1==_.childNodes.length||(l.createElement(""a""),void 0===(O=l.createDocumentFragment()).cloneNode)||void 0===O.createDocumentFragment||void 0===O.createElement}catch(e){h=c=!0}var y={elements:g.elements||""abbr article aside audio bdi canvas data datalist details dialog figcaption figure footer header hgroup main mark meter nav output picture progress section summary template time video"",version:""3.7.3"",shivCSS:!1!==g.shivCSS,supportsUnknownElements:h,shivMethods:!1!==g.shivMethods,type:""default"",shivDocument:i,createElement:W,createDocumentFragment:function(e,t){if(e=e||l,h)return e.createDocumentFragment();for(var n=(t=t||p(e)).frag.cloneNode(),r=0,o=f(),i=o.length;r<=704,Modernizr.constrained=Modernizr.viewport_width<=1200,Modernizr.site_menu=Modernizr.viewport_width<=1020?""button"":""nav_bar"",Modernizr.touch=Modernizr.touchevents||Modernizr.pointerevents&&(0<navigator.MaxTouchPoints||0<1075&&Modernizr.touch,Modernizr.desktop=!Modernizr.constrained&&!Modernizr.touch,Modernizr.laptop=!(Modernizr.desktop||Modernizr.tablet||Modernizr.phone),new RegExp(""hideallads"")),sr_html=(Modernizr.adfree=patt.test(window.location.href),document.querySelector(""html"")),cn=sr_html.className,sr_host_parts=(Modernizr.phone?sr_html.className=cn.concat("" phone""):Modernizr.tablet?sr_html.className=cn.concat("" tablet""):(Modernizr.desktop||Modernizr.laptop)&&(sr_html.className=cn.concat("" desktop"")),window.location.hostname.split(""."")),cn=sr_html.className,sr_logger=(Modernizr.is_build=Modernizr.is_live=Modernizr.is_dev=!1,""www""===sr_host_parts[0]||""fbref""===sr_host_parts[0]?(Modernizr.is_live=!0,sr_html.className=cn.concat("" is_live"")):sr_host_parts[0].startsWith(""b"")?(Modernizr.is_build=!0,sr_html.className=cn.concat("" is_build"")):(sr_host_parts[0].startsWith(""d"")||sr_host_parts[0].startsWith(""r""))&&(Modernizr.is_dev=!0,sr_html.className=cn.concat("" is_dev"")),Modernizr.is_stathead=!1,(""stathead""===sr_host_parts[1]&&""srdevel""===sr_host_parts[2]||""stathead""===sr_host_parts[0]||""www""===sr_host_parts[0]&&""stathead""===sr_host_parts[1])&&(cn=sr_html.className,sr_html.className=cn.concat("" is_stathead""),Modernizr.is_stathead=!0),function(){var e=null,t={enableLogger:function(){null!=e&&(window.console.log=e)},disableLogger:function(){e=console.log,window.console.log=function(){}}};return t}()),sr_utilities_js_loader=(!document.srdev&&sr_is_production&&sr_logger.disableLogger(),Modernizr.is_modern=1,Modernizr.lang=document.lang||"""",Modernizr.srdev=document.srdev,[]);function vjs_readCookie(e){for(var t=e+""="",n=document.cookie.split("";""),r=0;r var _sr_modern_url = ''.concat(document.srdev?'https://cdn.ssref.net/nocdn/dev/'.concat(document.srdev.substring(0, 2)):""https://cdn.ssref.net/req/202303231"", ""/js/pfr"", ""/sr"",document.srdev?"""":""-min"", "".js""); loadJS( _sr_modern_url, function() { vjs_ready(sr_fire_js); }); var freestar = freestar || {}; freestar.config = freestar.config || {}; freestar.config.enabled_slots = [ ""div-gpt-ad-300x250-ATF"",""div-gpt-ad-728x90-ATF"",""div-gpt-ad-728x90-GeneralHeader"",""div-gpt-ad-728x90-Footer"" ]; if (sr_detect_ie || sr_detect_edge || Modernizr.adfree || document.getElementById('sr_suppress_ads') || Modernizr.viewport_width < 1810) { // do not include the rails } else { freestar.config.enabled_slots.push('div-gpt-ad-160x600-1'); freestar.config.enabled_slots.push('div-gpt-ad-160x600-2'); } var fs_debug = window.location.search.indexOf('fsdebug') == -1 ? false : true; freestar.hitTime = Date.now(); freestar.queue = freestar.queue || []; freestar.config = freestar.config || {}; freestar.queue.push(function() { // Include the line reflecting the area/section of the site you are on googletag.pubads().setTargeting('sr_site_id', 'pfr'); }); !function(a,b){ if (sr_detect_ie || sr_detect_edge || Modernizr.adfree) { return; } var c=b.getElementsByTagName(""script"")[0], d=b.createElement(""script""), e=""https://a.pub.network/pro-football-reference""; e+=fs_debug?""/qa/pubfig.min.js"":""/pubfig.min.js"", d.async=!0, d.src=e, c.parentNode.insertBefore(d,c) }(window,document);",,,,,,,,,,,,,,,,,,,,,,,,,,,,,,
Sports Reference ®,,,,,,,,,,,,,,,,,,,,,,,,,,,,,,
Baseball,,,,,,,,,,,,,,,,,,,,,,,,,,,,,,
Football (college),,,,,,,,,,,,,,,,,,,,,,,,,,,,,,
Basketball (college),,,,,,,,,,,,,,,,,,,,,,,,,,,,,,
Hockey,,,,,,,,,,,,,,,,,,,,,,,,,,,,,,
Calcio,,,,,,,,,,,,,,,,,,,,,,,,,,,,,,
Blog,,,,,,,,,,,,,,,,,,,,,,,,,,,,,,
Stathead ®,,,,,,,,,,,,,,,,,,,,,,,,,,,,,,
Questions or Comments?,,,,,,,,,,,,,,,,,,,,,,,,,,,,,,
Welcome  · Your Account,,,,,,,,,,,,,,,,,,,,,,,,,,,,,,
Logout,,,,,,,,,,,,,,,,,,,,,,,,,,,,,,
Login,,,,,,,,,,,,,,,,,,,,,,,,,,,,,,
Create Account,,,,,,,,,,,,,,,,,,,,,,,,,,,,,,
,,,,,,,,,,,,,,,,,,,,,,,,,,,,,,
,,,,,,,,,,,,,,,,,,,,,,,,,,,,,,
MENU,,,,,,,,,,,,,,,,,,,,,,,,,,,,,,
Players,,,,,,,,,,,,,,,,,,,,,,,,,,,,,,
Teams,,,,,,,,,,,,,,,,,,,,,,,,,,,,,,
Seasons,,,,,,,,,,,,,,,,,,,,,,,,,,,,,,
Leaders,,,,,,,,,,,,,,,,,,,,,,,,,,,,,,
NFL Scores,,,,,,,,,,,,,,,,,,,,,,,,,,,,,,
Draft,,,,,,,,,,,,,,,,,,,,,,,,,,,,,,
Stathead,,,,,,,,,,,,,,,,,,,,,,,,,,,,,,
Newsletter,,,,,,,,,,,,,,,,,,,,,,,,,,,,,,
Full Site Menu Below,,,,,,,,,,,,,,,,,,,,,,,,,,,,,,
You are here:,,,,,,,,,,,,,,,,,,,,,,,,,,,,,,
PFR Home Page > All Years > 2022 NFL > Passing,,,,,,,,,,,,,,,,,,,,,,,,,,,,,,
Welcome  · Your Account,,,,,,,,,,,,,,,,,,,,,,,,,,,,,,
Logout,,,,,,,,,,,,,,,,,,,,,,,,,,,,,,
Login,,,,,,,,,,,,,,,,,,,,,,,,,,,,,,
Create Account,,,,,,,,,,,,,,,,,,,,,,,,,,,,,,
"function sr_menus_setupMainNav_button_inline () { if (sr_detect_operaMini || !(""classList"" in document.createElement(""_""))) { return false; } var nav_trigger = document.getElementById('nav_trigger'); if(!nav_trigger || nav_trigger.triggered) { return false; } nav_trigger.triggered = true; var nav = document.getElementById('nav'); var nav_trigger_a = nav_trigger.querySelector('a'); if (nav_trigger_a) { nav_trigger_a.setAttribute('href','javascript:void(0)'); nav_trigger.onclick = function (event) { nav.classList.toggle('open'); var is_open = nav.classList.contains('open'); if (is_open) { nav_trigger.classList.add('open'); } else { nav_trigger.classList.remove('open'); } event.preventDefault(); try { sr_record_analytics_event('MainNavButtonClick_inline',sr_record_directory(),sr_record_page());} catch(err) {} }; } return true; } sr_menus_setupMainNav_button_inline();",,,,,,,,,,,,,,,,,,,,,,,,,,,,,,
,,,,,,,,,,,,,,,,,,,,,,,,,,,,,,
via Sports Logos.net,,,,,,,,,,,,,,,,,,,,,,,,,,,,,,
About logos,,,,,,,,,,,,,,,,,,,,,,,,,,,,,,
2022 NFL Passing,,,,,,,,,,,,,,,,,,,,,,,,,,,,,,
Previous Season,,,,,,,,,,,,,,,,,,,,,,,,,,,,,,
Super Bowl Champion: Kansas City Chiefs,,,,,,,,,,,,,,,,,,,,,,,,,,,,,,
AP MVP: Patrick Mahomes,,,,,,,,,,,,,,,,,,,,,,,,,,,,,,
AP Offensive Rookie of the Year: Garrett Wilson,,,,,,,,,,,,,,,,,,,,,,,,,,,,,,
AP Defensive Rookie of the Year: Sauce Gardner,,,,,,,,,,,,,,,,,,,,,,,,,,,,,,
AP Offensive Player of the Year: Justin Jefferson,,,,,,,,,,,,,,,,,,,,,,,,,,,,,,
AP Defensive Player of the Year: Nick Bosa,,,,,,,,,,,,,,,,,,,,,,,,,,,,,,
"Passing Leader: Patrick Mahomes, 5250 Yds",,,,,,,,,,,,,,,,,,,,,,,,,,,,,,
"Rushing Leader: Josh Jacobs, 1653 Yds",,,,,,,,,,,,,,,,,,,,,,,,,,,,,,
"Receiving Leader: Justin Jefferson, 1809 Yds",,,,,,,,,,,,,,,,,,,,,,,,,,,,,,
More league info // see sr.menus.js:sr_menus_checkInfoCookie to explain function sr_menus_checkInfoCookie_inline(browserType) { var el_info = document.getElementById('info'); var el_button = document.getElementById('meta_more_button'); var bling_len = 0; if (!el_button || !el_info || !el_info.classList) { console.log('no meta_button'); return; } var el = el_button; var siblingsHidden = 0; while (el = el.previousSibling) { if ((el.nodeType === 1) && (el.offsetWidth <= 0 || el.offsetHeight <= 0)) { siblingsHidden++; } } var button_cookie = false; if (browserType === 'desktop') { button_cookie = vjs_readCookie('meta_more_button'); } // We allow up to four of bling lines or additional player bio data entries in mobile. if (el_info && el_button && (button_cookie || (siblingsHidden + bling_len <= 4))) {el_button.parentNode.removeChild(el_button); el_info.classList.add('open'); } else { el_button.classList.add('show'); } } if (Modernizr.desktop || Modernizr.laptop) { sr_menus_checkInfoCookie_inline('desktop'); } else { sr_menus_checkInfoCookie_inline('mobile'); } var sr_menus_checkInfoCookie_run_inline = true;,,,,,,,,,,,,,,,,,,,,,,,,,,,,,,
if (sr_detect_ie || sr_detect_edge || Modernizr.adfree) { } else { console.log('push ad:div-gpt-ad-300x250-ATF'); freestar.queue.push(function() { googletag.display('div-gpt-ad-300x250-ATF'); }); },,,,,,,,,,,,,,,,,,,,,,,,,,,,,,
2022 NFL Season,,,,,,,,,,,,,,,,,,,,,,,,,,,,,,
Player Stats,,,,,,,,,,,,,,,,,,,,,,,,,,,,,,
,,,,,,,,,,,,,,,,,,,,,,,,,,,,,,
Standard,,,,,,,,,,,,,,,,,,,,,,,,,,,,,,
,,,,,,,,,,,,,,,,,,,,,,,,,,,,,,
,,,,,,,,,,,,,,,,,,,,,,,,,,,,,,
Passing,,,,,,,,,,,,,,,,,,,,,,,,,,,,,,
Rushing,,,,,,,,,,,,,,,,,,,,,,,,,,,,,,
Receiving,,,,,,,,,,,,,,,,,,,,,,,,,,,,,,
Scrimmage Stats,,,,,,,,,,,,,,,,,,,,,,,,,,,,,,
Defense,,,,,,,,,,,,,,,,,,,,,,,,,,,,,,
Kicking,,,,,,,,,,,,,,,,,,,,,,,,,,,,,,
Punting,,,,,,,,,,,,,,,,,,,,,,,,,,,,,,
Kick & Punt Returns,,,,,,,,,,,,,,,,,,,,,,,,,,,,,,
Scoring,,,,,,,,,,,,,,,,,,,,,,,,,,,,,,
,,,,,,,,,,,,,,,,,,,,,,,,,,,,,,
Advanced,,,,,,,,,,,,,,,,,,,,,,,,,,,,,,
,,,,,,,,,,,,,,,,,,,,,,,,,,,,,,
,,,,,,,,,,,,,,,,,,,,,,,,,,,,,,
Passing,,,,,,,,,,,,,,,,,,,,,,,,,,,,,,
Rushing,,,,,,,,,,,,,,,,,,,,,,,,,,,,,,
Receiving,,,,,,,,,,,,,,,,,,,,,,,,,,,,,,
Defense,,,,,,,,,,,,,,,,,,,,,,,,,,,,,,
Team Adv. Stats,,,,,,,,,,,,,,,,,,,,,,,,,,,,,,
,,,,,,,,,,,,,,,,,,,,,,,,,,,,,,
Fantasy,,,,,,,,,,,,,,,,,,,,,,,,,,,,,,
,,,,,,,,,,,,,,,,,,,,,,,,,,,,,,
,,,,,,,,,,,,,,,,,,,,,,,,,,,,,,
Player Fantasy Ranks,,,,,,,,,,,,,,,,,,,,,,,,,,,,,,
Red Zone Passing,,,,,,,,,,,,,,,,,,,,,,,,,,,,,,
Red Zone Rushing,,,,,,,,,,,,,,,,,,,,,,,,,,,,,,
Red Zone Receiving,,,,,,,,,,,,,,,,,,,,,,,,,,,,,,
Defensive Stats,,,,,,,,,,,,,,,,,,,,,,,,,,,,,,
,,,,,,,,,,,,,,,,,,,,,,,,,,,,,,
Team Defense,,,,,,,,,,,,,,,,,,,,,,,,,,,,,,
,,,,,,,,,,,,,,,,,,,,,,,,,,,,,,
Defense vs. Pos,,,,,,,,,,,,,,,,,,,,,,,,,,,,,,
,,,,,,,,,,,,,,,,,,,,,,,,,,,,,,
,,,,,,,,,,,,,,,,,,,,,,,,,,,,,,
RB,,,,,,,,,,,,,,,,,,,,,,,,,,,,,,
TE,,,,,,,,,,,,,,,,,,,,,,,,,,,,,,
QB,,,,,,,,,,,,,,,,,,,,,,,,,,,,,,
WR,,,,,,,,,,,,,,,,,,,,,,,,,,,,,,
Weeks,,,,,,,,,,,,,,,,,,,,,,,,,,,,,,
,,,,,,,,,,,,,,,,,,,,,,,,,,,,,,
Week 1,,,,,,,,,,,,,,,,,,,,,,,,,,,,,,
Week 2,,,,,,,,,,,,,,,,,,,,,,,,,,,,,,
Week 3,,,,,,,,,,,,,,,,,,,,,,,,,,,,,,
Week 4,,,,,,,,,,,,,,,,,,,,,,,,,,,,,,
Week 5,,,,,,,,,,,,,,,,,,,,,,,,,,,,,,
Week 6,,,,,,,,,,,,,,,,,,,,,,,,,,,,,,
Week 7,,,,,,,,,,,,,,,,,,,,,,,,,,,,,,
Week 8,,,,,,,,,,,,,,,,,,,,,,,,,,,,,,
Week 9,,,,,,,,,,,,,,,,,,,,,,,,,,,,,,
Week 10,,,,,,,,,,,,,,,,,,,,,,,,,,,,,,
Week 11,,,,,,,,,,,,,,,,,,,,,,,,,,,,,,
Week 12,,,,,,,,,,,,,,,,,,,,,,,,,,,,,,
Week 13,,,,,,,,,,,,,,,,,,,,,,,,,,,,,,
Week 14,,,,,,,,,,,,,,,,,,,,,,,,,,,,,,
Week 15,,,,,,,,,,,,,,,,,,,,,,,,,,,,,,
Week 16,,,,,,,,,,,,,,,,,,,,,,,,,,,,,,
Week 17,,,,,,,,,,,,,,,,,,,,,,,,,,,,,,
Week 18,,,,,,,,,,,,,,,,,,,,,,,,,,,,,,
Wild Card,,,,,,,,,,,,,,,,,,,,,,,,,,,,,,
Divisional,,,,,,,,,,,,,,,,,,,,,,,,,,,,,,
Conf Champ,,,,,,,,,,,,,,,,,,,,,,,,,,,,,,
Super Bowl,,,,,,,,,,,,,,,,,,,,,,,,,,,,,,
Leaders,,,,,,,,,,,,,,,,,,,,,,,,,,,,,,
Schedule,,,,,,,,,,,,,,,,,,,,,,,,,,,,,,
Coaches,,,,,,,,,,,,,,,,,,,,,,,,,,,,,,
Awards,,,,,,,,,,,,,,,,,,,,,,,,,,,,,,
,,,,,,,,,,,,,,,,,,,,,,,,,,,,,,
AllPro,,,,,,,,,,,,,,,,,,,,,,,,,,,,,,
Pro Bowl,,,,,,,,,,,,,,,,,,,,,,,,,,,,,,
Awards Voting,,,,,,,,,,,,,,,,,,,,,,,,,,,,,,
Draft,,,,,,,,,,,,,,,,,,,,,,,,,,,,,,
Other,,,,,,,,,,,,,,,,,,,,,,,,,,,,,,
,,,,,,,,,,,,,,,,,,,,,,,,,,,,,,
College Football,,,,,,,,,,,,,,,,,,,,,,,,,,,,,,
Advanced Stats,,,,,,,,,,,,,,,,,,,,,,,,,,,,,,
Penalties,,,,,,,,,,,,,,,,,,,,,,,,,,,,,,
O-Line Penalties,,,,,,,,,,,,,,,,,,,,,,,,,,,,,,
Training Camps,,,,,,,,,,,,,,,,,,,,,,,,,,,,,,
Deaths,,,,,,,,,,,,,,,,,,,,,,,,,,,,,,
Debuts,,,,,,,,,,,,,,,,,,,,,,,,,,,,,,
Attendance,,,,,,,,,,,,,,,,,,,,,,,,,,,,,,
Preseason,,,,,,,,,,,,,,,,,,,,,,,,,,,,,,
Preseason Odds,,,,,,,,,,,,,,,,,,,,,,,,,,,,,,
Splits,,,,,,,,,,,,,,,,,,,,,,,,,,,,,,
,,,,,,,,,,,,,,,,,,,,,,,,,,,,,,
Transactions,,,,,,,,,,,,,,,,,,,,,,,,,,,,,,
,,,,,,,,,,,,,,,,,,,,,,,,,,,,,,
,,,,,,,,,,,,,,,,,,,,,,,,,,,,,,
January,,,,,,,,,,,,,,,,,,,,,,,,,,,,,,
February,,,,,,,,,,,,,,,,,,,,,,,,,,,,,,
March,,,,,,,,,,,,,,,,,,,,,,,,,,,,,,
April,,,,,,,,,,,,,,,,,,,,,,,,,,,,,,
May,,,,,,,,,,,,,,,,,,,,,,,,,,,,,,
June,,,,,,,,,,,,,,,,,,,,,,,,,,,,,,
July,,,,,,,,,,,,,,,,,,,,,,,,,,,,,,
August,,,,,,,,,,,,,,,,,,,,,,,,,,,,,,
September,,,,,,,,,,,,,,,,,,,,,,,,,,,,,,
October,,,,,,,,,,,,,,,,,,,,,,,,,,,,,,
November,,,,,,,,,,,,,,,,,,,,,,,,,,,,,,
December,,,,,,,,,,,,,,,,,,,,,,,,,,,,,,
More 2022 NFL Pages,,,,,,,,,,,,,,,,,,,,,,,,,,,,,,
,,,,,,,,,,,,,,,,,,,,,,,,,,,,,,
Standard Player Stats,,,,,,,,,,,,,,,,,,,,,,,,,,,,,,
,,,,,,,,,,,,,,,,,,,,,,,,,,,,,,
,,,,,,,,,,,,,,,,,,,,,,,,,,,,,,
Passing,,,,,,,,,,,,,,,,,,,,,,,,,,,,,,
Rushing,,,,,,,,,,,,,,,,,,,,,,,,,,,,,,
Receiving,,,,,,,,,,,,,,,,,,,,,,,,,,,,,,
Scrimmage Stats,,,,,,,,,,,,,,,,,,,,,,,,,,,,,,
Defense,,,,,,,,,,,,,,,,,,,,,,,,,,,,,,
Kicking,,,,,,,,,,,,,,,,,,,,,,,,,,,,,,
Punting,,,,,,,,,,,,,,,,,,,,,,,,,,,,,,
Kick & Punt Returns,,,,,,,,,,,,,,,,,,,,,,,,,,,,,,
Scoring,,,,,,,,,,,,,,,,,,,,,,,,,,,,,,
,,,,,,,,,,,,,,,,,,,,,,,,,,,,,,
Fantasy Player Stats,,,,,,,,,,,,,,,,,,,,,,,,,,,,,,
,,,,,,,,,,,,,,,,,,,,,,,,,,,,,,
,,,,,,,,,,,,,,,,,,,,,,,,,,,,,,
Player Fantasy Ranks,,,,,,,,,,,,,,,,,,,,,,,,,,,,,,
Red Zone Passing,,,,,,,,,,,,,,,,,,,,,,,,,,,,,,
Red Zone Rushing,,,,,,,,,,,,,,,,,,,,,,,,,,,,,,
Red Zone Receiving,,,,,,,,,,,,,,,,,,,,,,,,,,,,,,
,,,,,,,,,,,,,,,,,,,,,,,,,,,,,,
Defense vs. Pos,,,,,,,,,,,,,,,,,,,,,,,,,,,,,,
,,,,,,,,,,,,,,,,,,,,,,,,,,,,,,
,,,,,,,,,,,,,,,,,,,,,,,,,,,,,,
RB,,,,,,,,,,,,,,,,,,,,,,,,,,,,,,
TE,,,,,,,,,,,,,,,,,,,,,,,,,,,,,,
QB,,,,,,,,,,,,,,,,,,,,,,,,,,,,,,
WR,,,,,,,,,,,,,,,,,,,,,,,,,,,,,,
,,,,,,,,,,,,,,,,,,,,,,,,,,,,,,
Weeks,,,,,,,,,,,,,,,,,,,,,,,,,,,,,,
,,,,,,,,,,,,,,,,,,,,,,,,,,,,,,
,,,,,,,,,,,,,,,,,,,,,,,,,,,,,,
Week 1,,,,,,,,,,,,,,,,,,,,,,,,,,,,,,
Week 2,,,,,,,,,,,,,,,,,,,,,,,,,,,,,,
Week 3,,,,,,,,,,,,,,,,,,,,,,,,,,,,,,
Week 4,,,,,,,,,,,,,,,,,,,,,,,,,,,,,,
Week 5,,,,,,,,,,,,,,,,,,,,,,,,,,,,,,
Week 6,,,,,,,,,,,,,,,,,,,,,,,,,,,,,,
Week 7,,,,,,,,,,,,,,,,,,,,,,,,,,,,,,
Week 8,,,,,,,,,,,,,,,,,,,,,,,,,,,,,,
Week 9,,,,,,,,,,,,,,,,,,,,,,,,,,,,,,
Week 10,,,,,,,,,,,,,,,,,,,,,,,,,,,,,,
Week 11,,,,,,,,,,,,,,,,,,,,,,,,,,,,,,
Week 12,,,,,,,,,,,,,,,,,,,,,,,,,,,,,,
Week 13,,,,,,,,,,,,,,,,,,,,,,,,,,,,,,
Week 14,,,,,,,,,,,,,,,,,,,,,,,,,,,,,,
Week 15,,,,,,,,,,,,,,,,,,,,,,,,,,,,,,
Week 16,,,,,,,,,,,,,,,,,,,,,,,,,,,,,,
Week 17,,,,,,,,,,,,,,,,,,,,,,,,,,,,,,
Week 18,,,,,,,,,,,,,,,,,,,,,,,,,,,,,,
Wild Card,,,,,,,,,,,,,,,,,,,,,,,,,,,,,,
Divisional,,,,,,,,,,,,,,,,,,,,,,,,,,,,,,
Conf Champ,,,,,,,,,,,,,,,,,,,,,,,,,,,,,,
Super Bowl,,,,,,,,,,,,,,,,,,,,,,,,,,,,,,
,,,,,,,,,,,,,,,,,,,,,,,,,,,,,,
Awards,,,,,,,,,,,,,,,,,,,,,,,,,,,,,,
,,,,,,,,,,,,,,,,,,,,,,,,,,,,,,
,,,,,,,,,,,,,,,,,,,,,,,,,,,,,,
AllPro,,,,,,,,,,,,,,,,,,,,,,,,,,,,,,
Pro Bowl,,,,,,,,,,,,,,,,,,,,,,,,,,,,,,
Awards Voting,,,,,,,,,,,,,,,,,,,,,,,,,,,,,,
,,,,,,,,,,,,,,,,,,,,,,,,,,,,,,
Team Defense,,,,,,,,,,,,,,,,,,,,,,,,,,,,,,
Leaders,,,,,,,,,,,,,,,,,,,,,,,,,,,,,,
Schedule,,,,,,,,,,,,,,,,,,,,,,,,,,,,,,
Coaches,,,,,,,,,,,,,,,,,,,,,,,,,,,,,,
Draft,,,,,,,,,,,,,,,,,,,,,,,,,,,,,,
College Football,,,,,,,,,,,,,,,,,,,,,,,,,,,,,,
Advanced Stats,,,,,,,,,,,,,,,,,,,,,,,,,,,,,,
Penalties,,,,,,,,,,,,,,,,,,,,,,,,,,,,,,
O-Line Penalties,,,,,,,,,,,,,,,,,,,,,,,,,,,,,,
Training Camps,,,,,,,,,,,,,,,,,,,,,,,,,,,,,,
Deaths,,,,,,,,,,,,,,,,,,,,,,,,,,,,,,
Debuts,,,,,,,,,,,,,,,,,,,,,,,,,,,,,,
Attendance,,,,,,,,,,,,,,,,,,,,,,,,,,,,,,
Preseason,,,,,,,,,,,,,,,,,,,,,,,,,,,,,,
Preseason Odds,,,,,,,,,,,,,,,,,,,,,,,,,,,,,,
Splits,,,,,,,,,,,,,,,,,,,,,,,,,,,,,,
,,,,,,,,,,,,,,,,,,,,,,,,,,,,,,
Transactions,,,,,,,,,,,,,,,,,,,,,,,,,,,,,,
,,,,,,,,,,,,,,,,,,,,,,,,,,,,,,
,,,,,,,,,,,,,,,,,,,,,,,,,,,,,,
January,,,,,,,,,,,,,,,,,,,,,,,,,,,,,,
February,,,,,,,,,,,,,,,,,,,,,,,,,,,,,,
March,,,,,,,,,,,,,,,,,,,,,,,,,,,,,,
April,,,,,,,,,,,,,,,,,,,,,,,,,,,,,,
May,,,,,,,,,,,,,,,,,,,,,,,,,,,,,,
June,,,,,,,,,,,,,,,,,,,,,,,,,,,,,,
July,,,,,,,,,,,,,,,,,,,,,,,,,,,,,,
August,,,,,,,,,,,,,,,,,,,,,,,,,,,,,,
September,,,,,,,,,,,,,,,,,,,,,,,,,,,,,,
October,,,,,,,,,,,,,,,,,,,,,,,,,,,,,,
November,,,,,,,,,,,,,,,,,,,,,,,,,,,,,,
December,,,,,,,,,,,,,,,,,,,,,,,,,,,,,,
"function apiFunction(ApiHandshake) { const playerDiv = document.querySelector('[data-stn-api=""apiFunction""]'); const api = ApiHandshake(playerDiv); new IntersectionObserver ( moes => { const bcr = moes.pop().boundingClientRect; api.float = bcr.y <= 0; }, { threshold: [0.9] }).observe(document.querySelector('[data-stn-api=""apiFunction""]')); }",,,,,,,,,,,,,,,,,,,,,,,,,,,,,,
,,,,,,,,,,,,,,,,,,,,,,,,,,,,,,
Passing,,,,,,,,,,,,,,,,,,,,,,,,,,,,,,
"* Selected to Pro Bowl, + First-Team All-Pro",,,,,,,,,,,,,,,,,,,,,,,,,,,,,,
Passing Table,,,,,,,,,,,,,,,,,,,,,,,,,,,,,,
Rk,Player,Tm,Age,Pos,G,GS,QBrec,Cmp,Att,Cmp%,Yds,TD,TD%,Int,Int%,1D,Lng,Y/A,AY/A,Y/C,Y/G,Rate,QBR,Sk,Yds,Sk%,NY/A,ANY/A,4QC,GWD
1,Patrick Mahomes*+,KAN,27,QB,17,17,14-3-0,435,648,67.1,5250,41,6.3,12,1.9,272,67,8.1,8.5,12.1,308.8,105.2,77.6,26,188,3.9,7.51,7.93,4,4
2,Justin Herbert,LAC,24,QB,17,17,10/7/00,477,699,68.2,4739,25,3.6,10,1.4,228,55,6.8,6.9,9.9,278.8,93.2,58.2,38,206,5.2,6.15,6.22,4,5
3,Tom Brady,TAM,45,QB,17,17,8/9/00,490,733,66.8,4694,25,3.4,9,1.2,237,63,6.4,6.5,9.6,276.1,90.7,52.5,22,160,2.9,6.01,6.13,4,5
4,Kirk Cousins*,MIN,34,QB,17,17,13-4-0,424,643,65.9,4547,29,4.5,14,2.2,230,66,7.1,7,10.7,267.5,92.5,49.9,46,329,6.7,6.12,6.05,8,8
5,Joe Burrow*,CIN,26,QB,16,16,12/4/00,414,606,68.3,4475,35,5.8,12,2,222,60,7.4,7.6,10.8,279.7,100.8,58.7,41,259,6.3,6.52,6.76,3,4
6,Jared Goff*,DET,28,QB,17,17,9/8/00,382,587,65.1,4438,29,4.9,7,1.2,227,81,7.6,8,11.6,261.1,99.3,61.1,23,156,3.8,7.02,7.45,3,3
7,Josh Allen*,BUF,26,QB,16,16,13-3-0,359,567,63.3,4283,35,6.2,14,2.5,214,98,7.6,7.7,11.9,267.7,96.6,71.4,33,162,5.5,6.87,6.99,3,4
8,Geno Smith*,SEA,32,QB,17,17,9/8/00,399,572,69.8,4282,30,5.2,11,1.9,206,54,7.5,7.7,10.7,251.9,100.9,60.8,46,348,7.4,6.37,6.54,2,3
9,Trevor Lawrence*,JAX,23,QB,17,17,9/8/00,387,584,66.3,4113,25,4.3,8,1.4,206,59,7,7.3,10.6,241.9,95.2,54.5,27,184,4.4,6.43,6.66,3,2
10,Jalen Hurts*,PHI,24,QB,15,15,14-1-0,306,460,66.5,3701,22,4.8,6,1.3,165,68,8,8.4,12.1,246.7,101.5,66.4,38,231,7.6,6.97,7.31,1,2
11,Aaron Rodgers,GNB,39,QB,17,17,8/9/00,350,542,64.6,3695,26,4.8,12,2.2,177,58,6.8,6.8,10.6,217.4,91.1,39.3,32,258,5.6,5.99,5.95,3,4
12,Tua Tagovailoa,MIA,24,QB,13,13,8/5/00,259,400,64.8,3548,25,6.3,8,2,162,84,8.9,9.2,13.7,272.9,105.5,68.8,21,163,5,8.04,8.37,2,2
13,Russell Wilson,DEN,34,QB,15,15,4/11/00,292,483,60.5,3524,16,3.3,11,2.3,142,67,7.3,6.9,12.1,234.9,84.4,36.7,55,368,10.2,5.87,5.54,3,3
14,Derek Carr*,LVR,31,QB,15,15,6/9/00,305,502,60.8,3522,24,4.8,14,2.8,161,60,7,6.7,11.5,234.8,86.3,55.5,27,191,5.1,6.3,6.01,4,3
15,Daniel Jones,NYG,25,QB,16,16,9/6/01,317,472,67.2,3205,15,3.2,5,1.1,156,65,6.8,6.9,10.1,200.3,92.5,60.8,44,243,8.5,5.74,5.89,4,5
16,Davis Mills,HOU,24,QB,15,15,3/10/01,292,479,61,3118,17,3.5,15,3.1,135,58,6.5,5.8,10.7,207.9,78.8,33.1,31,244,6.1,5.64,4.98,2,3
17,Matt Ryan,IND,37,QB,12,12,4/7/01,309,461,67,3057,14,3,13,2.8,156,45,6.6,6,9.9,254.8,83.9,42.9,38,287,7.6,5.55,4.94,5,4
18,Mac Jones,NWE,24,QB,14,14,6/8/00,288,442,65.2,2997,14,3.2,11,2.5,127,48,6.8,6.3,10.4,214.1,84.8,36.2,34,231,7.1,5.81,5.36,0,0
19,Andy Dalton,NOR,35,QB,14,14,6/8/00,252,378,66.7,2871,18,4.8,9,2.4,135,64,7.6,7.5,11.4,205.1,95.2,50.7,25,189,6.2,6.66,6.54,1,1
20,Dak Prescott,DAL,29,QB,12,12,8/4/00,261,394,66.2,2860,23,5.8,15,3.8,142,68,7.3,6.7,11,238.3,91.1,57.9,20,126,4.8,6.6,6.08,2,2
21,Jacoby Brissett,CLE,30,QB,16,11,4/7/00,236,369,64,2608,12,3.3,6,1.6,129,55,7.1,7,11.1,163,88.9,60,24,160,6.1,6.23,6.15,2,2
22,Ryan Tannehill,TEN,34,QB,12,12,6/6/00,212,325,65.2,2536,13,4,6,1.8,116,69,7.8,7.8,12,211.3,94.6,49.1,33,238,9.2,6.42,6.39,,
23,Jimmy Garoppolo,SFO,31,QB,11,10,7/3/00,207,308,67.2,2437,16,5.2,4,1.3,114,57,7.9,8.4,11.8,221.5,103,54.3,18,100,5.5,7.17,7.6,1,1
24,Kenny Pickett,PIT,24,QB,13,12,7/5/00,245,389,63,2404,7,1.8,9,2.3,123,57,6.2,5.5,9.8,184.9,76.7,51.5,27,182,6.5,5.34,4.7,3,4
25,Kyler Murray,ARI,25,QB,11,11,3/8/00,259,390,66.4,2368,14,3.6,7,1.8,119,38,6.1,6,9.1,215.3,87.2,51.5,25,192,6,5.24,5.16,1,1
26,Justin Fields,CHI,23,QB,15,15,3/12/00,192,318,60.4,2242,17,5.3,11,3.5,91,56,7.1,6.6,11.7,149.5,85.2,54,55,359,14.7,5.05,4.63,1,2
27,Lamar Jackson,BAL,25,QB,12,12,8/4/00,203,326,62.3,2242,17,5.2,7,2.1,105,75,6.9,7,11,186.8,91.1,59.1,26,114,7.4,6.05,6.12,1,2
28,Marcus Mariota,ATL,29,QB,13,13,5/8/00,184,300,61.3,2219,15,5,9,3,111,75,7.4,7,12.1,170.7,88.2,55.6,28,195,8.5,6.17,5.85,2,3
29,Baker Mayfield,2TM,27,,12,10,2/8/00,201,335,60,2163,10,3,8,2.4,94,75,6.5,6,10.8,180.3,79,24.5,36,217,9.7,5.25,4.81,0,0
Rk,Player,Tm,Age,Pos,G,GS,QBrec,Cmp,Att,Cmp%,Yds,TD,TD%,Int,Int%,1D,Lng,Y/A,AY/A,Y/C,Y/G,Rate,QBR,Sk,Yds,Sk%,NY/A,ANY/A,4QC,GWD
30,Matthew Stafford,LAR,34,QB,9,9,3/6/00,206,303,68,2087,10,3.3,8,2.6,105,75,6.9,6.4,10.1,231.9,87.4,50.3,29,208,8.7,5.66,5.18,,
31,Taylor Heinicke,WAS,29,QB,9,9,5/3/01,161,259,62.2,1859,12,4.6,6,2.3,93,61,7.2,7.1,11.5,206.6,89.6,44.4,19,141,6.8,6.18,6.07,2,1
32,Carson Wentz,WAS,30,QB,8,7,2/5/00,172,276,62.3,1755,11,4,9,3.3,85,75,6.4,5.7,10.2,219.4,80.2,32.9,26,159,8.6,5.28,4.67,2,2
33,Zach Wilson,NYJ,23,QB,9,9,5/4/00,132,242,54.5,1688,6,2.5,7,2.9,73,79,7,6.2,12.8,187.6,72.8,36.5,23,175,8.7,5.71,4.97,1,2
34,Brock Purdy,SFO,23,QB,9,5,5-0-0,114,170,67.1,1374,13,7.6,4,2.4,66,54,8.1,8.6,12.1,152.7,107.3,65.6,11,84,6.1,7.13,7.57,1,1
35,Mitchell Trubisky,PIT,28,QB,7,5,2/3/00,117,180,65,1252,4,2.2,5,2.8,65,45,7,6.2,10.7,178.9,81.1,56.4,11,68,5.8,6.2,5.44,0,1
36,Mike White,NYJ,27,QB,4,4,1/3/00,103,175,58.9,1192,3,1.7,4,2.3,56,60,6.8,6.1,11.6,298,75.7,37,9,76,4.9,6.07,5.41,,
37,Sam Darnold,CAR,25,QB,6,6,4/2/00,82,140,58.6,1143,7,5,3,2.1,57,52,8.2,8.2,13.9,190.5,92.6,48.5,10,78,6.7,7.1,7.13,0,1
38,Deshaun Watson,CLE,27,QB,6,6,3/3/00,99,170,58.2,1102,7,4.1,5,2.9,53,46,6.5,6,11.1,183.7,79.1,38.3,20,106,10.5,5.24,4.79,,
39,Joe Flacco,NYJ,37,QB,5,4,1/3/00,110,191,57.6,1051,5,2.6,3,1.6,55,66,5.5,5.3,9.6,210.2,75.2,34.1,10,66,5,4.9,4.73,1,1
40,Cooper Rush,DAL,29,QB,9,5,4/1/00,94,162,58,1051,5,3.1,3,1.9,52,46,6.5,6.3,11.2,116.8,80,58.7,7,49,4.1,5.93,5.72,0,2
41,Jameis Winston,NOR,28,QB,3,3,1/2/00,73,115,63.5,858,4,3.5,5,4.3,35,51,7.5,6.2,11.8,286,79.5,32.8,11,74,8.7,6.22,5.07,1,1
42,Bailey Zappe,NWE,23,QB,4,2,2-0-0,65,92,70.7,781,5,5.4,3,3.3,37,53,8.5,8.1,12,195.3,100.9,34.5,6,40,6.1,7.56,7.2,,
43,Colt McCoy,ARI,36,QB,4,3,1/2/00,90,132,68.2,780,1,0.8,3,2.3,34,47,5.9,5,8.7,195,76.6,37.4,13,97,9,4.71,3.92,,
44,P.J. Walker,CAR,27,QB,6,5,2/3/00,63,106,59.4,731,3,2.8,3,2.8,30,62,6.9,6.2,11.6,121.8,78,23.5,7,46,6.2,6.06,5.4,,
45,Desmond Ridder,ATL,23,QB,4,4,2/2/00,73,115,63.5,708,2,1.7,0,0,37,40,6.2,6.5,9.7,177,86.4,49.8,9,33,7.3,5.44,5.77,1,1
46,Teddy Bridgewater,MIA,30,QB,5,2,0-2-0,49,79,62,683,4,5.1,4,5.1,32,64,8.6,7.4,13.9,136.6,85.6,47.4,7,45,8.1,7.42,6.26,,
47,Gardner Minshew II,PHI,26,QB,5,2,0-2-0,44,76,57.9,663,3,3.9,3,3.9,30,78,8.7,7.7,15.1,132.6,83.4,39.7,6,28,7.3,7.74,6.83,,
48,Tyler Huntley*,BAL,24,QB,6,4,2/2/00,75,112,67,658,2,1.8,3,2.7,31,40,5.9,5,8.8,109.7,77.2,41.3,7,34,5.9,5.24,4.45,1,1
49,Jarrett Stidham,LVR,26,QB,5,2,0-2-0,53,83,63.9,656,4,4.8,3,3.6,32,60,7.9,7.2,12.4,131.2,89.2,57.8,7,47,7.8,6.77,6.16,,
50,Sam Ehlinger,IND,24,QB,4,3,0-3-0,64,101,63.4,573,3,3,3,3,28,47,5.7,4.9,9,143.3,76.1,31.9,14,87,12.2,4.23,3.57,,
51,Skylar Thompson,MIA,25,QB,7,2,1/1/00,60,105,57.1,534,1,1,3,2.9,26,32,5.1,4,8.9,76.3,62.2,27.2,6,40,5.4,4.45,3.41,0,1
52,Brett Rypien,DEN,26,QB,4,2,1/1/00,53,88,60.2,483,2,2.3,4,4.5,24,45,5.5,3.9,9.1,120.8,63.8,24.3,8,47,8.3,4.54,3.08,,
53,Kyle Allen,HOU,26,QB,2,2,0-2-0,46,78,59,416,2,2.6,4,5.1,19,39,5.3,3.5,9,208,60.6,3.4,5,41,6,4.52,2.83,,
54,Trace McSorley,ARI,27,QB,6,1,0-1-0,45,83,54.2,412,0,0,5,6,17,47,5,2.3,9.2,68.7,42.8,10.8,3,27,3.5,4.48,1.86,,
55,Joshua Dobbs,TEN,27,QB,2,2,0-2-0,40,68,58.8,411,2,2.9,2,2.9,25,39,6,5.3,10.3,205.5,73.8,50.8,6,26,8.1,5.2,4.53,,
56,David Blough,ARI,27,QB,2,2,0-2-0,38,58,65.5,402,2,3.4,2,3.4,18,77,6.9,6.1,10.6,201,82.7,28.2,5,24,7.9,6,5.21,,
57,John Wolford,LAR,27,QB,3,3,1/2/00,38,62,61.3,390,1,1.6,3,4.8,19,30,6.3,4.4,10.3,130,64.6,22.7,7,49,10.1,4.94,3.28,,
58,Anthony Brown,BAL,24,QB,2,1,0-1-0,22,49,44.9,302,0,0,2,4.1,13,47,6.2,4.3,13.7,151,48.2,,5,14,9.3,5.33,3.67,,
59,Malik Willis,TEN,23,QB,8,3,1/2/00,31,61,50.8,276,0,0,3,4.9,11,48,4.5,2.3,8.9,34.5,42.8,12.4,10,49,14.1,3.2,1.3,,
Rk,Player,Tm,Age,Pos,G,GS,QBrec,Cmp,Att,Cmp%,Yds,TD,TD%,Int,Int%,1D,Lng,Y/A,AY/A,Y/C,Y/G,Rate,QBR,Sk,Yds,Sk%,NY/A,ANY/A,4QC,GWD
60,Taysom Hill,NOR,32,TE,16,8,,13,19,68.4,240,2,10.5,0,0,11,68,12.6,14.7,18.5,15,146.3,78.3,2,14,9.5,10.76,12.67,,
61,Nick Foles ,IND,33,QB,3,2,0-2-0,25,42,59.5,224,0,0,4,9.5,9,49,5.3,1,9,74.7,34.3,7.4,8,48,16,3.52,-0.08,,
62,Nick Mullens,MIN,27,QB,4,0,,21,25,84,224,1,4,1,4,11,37,9,8,10.7,56,100.7,56.1,0,0,0,8.96,7.96,,
63,Jordan Love,GNB,24,QB,4,0,,14,21,66.7,195,1,4.8,0,0,9,63,9.3,10.2,13.9,48.8,112.2,82,0,0,0,9.29,10.24,,
64,Trey Lance,SFO,22,QB,2,2,1/1/00,15,31,48.4,194,0,0,1,3.2,6,44,6.3,4.8,12.9,97,55,34.9,2,9,6.1,5.61,4.24,,
65,Trevor Siemian,CHI,31,QB,2,1,0-1-0,15,26,57.7,184,1,3.8,1,3.8,7,33,7.1,6.1,12.3,92,76.4,26.5,2,14,7.1,6.07,5.18,,
66,Sam Howell,WAS,22,QB,1,1,1-0-0,11,19,57.9,169,1,5.3,1,5.3,6,52,8.9,7.6,15.4,169,83,46.4,3,11,13.6,7.18,6.05,,
67,Davis Webb,NYG,27,QB,1,1,0-1-0,23,40,57.5,168,1,2.5,0,0,11,25,4.2,4.7,7.3,168,75.8,73.5,0,0,0,4.2,4.7,,
68,Bryce Perkins,LAR,26,QB,5,1,0-1-0,19,34,55.9,161,1,2.9,2,5.9,10,20,4.7,2.7,8.5,32.2,53.7,27.2,6,50,15,2.78,1.03,,
69,Nathan Peterman,CHI,28,QB,3,1,0-1-0,14,25,56,139,1,4,1,4,9,28,5.6,4.6,9.9,46.3,68.6,39.9,1,6,3.8,5.12,4.15,,
70,Jeff Driskel,HOU,29,QB,7,2,0-1-0,14,20,70,108,1,5,0,0,5,28,5.4,6.4,7.7,15.4,99.6,19.6,2,13,9.1,4.32,5.23,,
71,Chris Streveler,NYJ,27,QB,2,1,,10,15,66.7,90,0,0,0,0,5,30,6,6,9,45,82.6,72.3,0,0,0,6,6,,
72,Jacob Eason,CAR,25,QB,1,0,,3,5,60,59,0,0,1,20,2,49,11.8,2.8,19.7,59,61.7,0.8,0,0,0,11.8,2.8,,
73,Tyrod Taylor,NYG,33,QB,3,0,,6,8,75,58,1,12.5,1,12.5,3,19,7.3,4.1,9.7,19.3,94.8,10.7,3,18,27.3,3.64,1.36,,
74,Chase Daniel,LAC,36,QB,4,0,,8,12,66.7,52,1,8.3,0,0,4,13,4.3,6,6.5,13,103.5,57.9,1,1,7.7,3.92,5.46,,
75,Brian Hoyer,NWE,37,QB,1,1,0-1-0,5,6,83.3,37,0,0,0,0,2,27,6.2,6.2,7.4,37,92.4,26.7,1,8,14.3,4.14,4.14,,
76,C.J. Beathard,JAX,29,QB,4,0,,7,11,63.6,35,0,0,1,9.1,2,11,3.2,-0.9,5,8.8,30.5,21.4,1,5,8.3,2.5,-1.25,,
77,Justin Jefferson*+,MIN,23,WR,17,17,,2,2,100,34,0,0,0,0,2,23,17,17,17,2,118.7,94.8,0,0,0,17,17,,
78,Christian McCaffrey*,2TM,26,RB,17,16,,1,1,100,34,1,100,0,0,1,34,34,54,34,2,158.3,100,0,0,0,34,54,0,0
79,Tim Boyle,CHI,28,QB,1,0,,2,8,25,33,0,0,2,25,2,17,4.1,-7.1,16.5,33,4.7,0.5,0,0,0,4.13,-7.13,,
80,Blaine Gabbert,TAM,33,QB,1,0,,6,8,75,29,1,12.5,0,0,2,13,3.6,6.1,4.8,29,119.3,57.9,0,0,0,3.63,6.13,,
81,Tyler Boyd,CIN,28,WR,16,14,,1,1,100,23,0,0,0,0,1,23,23,23,23,1.4,118.7,13.2,1,12,50,5.5,5.5,,
82,Kyle Trask,TAM,24,QB,1,0,,3,9,33.3,23,0,0,0,0,1,9,2.6,2.6,7.7,23,42.4,1.6,0,0,0,2.56,2.56,,
83,Brandon Allen,CIN,30,QB,1,0,,3,3,100,22,0,0,0,0,1,13,7.3,7.3,7.3,22,97.2,44.4,1,0,25,5.5,5.5,,
84,Riley Dixon,LAR,29,P,17,0,,2,2,100,18,0,0,0,0,2,12,9,9,9,1.1,104.2,,0,0,0,9,9,,
85,Braden Mann,NYJ,25,P,17,0,,1,2,50,17,0,0,0,0,1,17,8.5,8.5,17,1,79.2,0,0,0,0,8.5,8.5,,
86,Ryan Wright,MIN,22,P,17,0,,1,2,50,13,0,0,0,0,1,13,6.5,6.5,13,0.8,70.8,,0,0,0,6.5,6.5,,
87,Josh Johnson,SFO,36,QB,2,0,,1,2,50,10,0,0,0,0,1,10,5,5,10,5,64.6,20.4,0,0,0,5,5,,
88,Case Keenum,BUF,34,QB,2,0,,2,7,28.6,8,0,0,0,0,0,5,1.1,1.1,4,4,39.6,4.3,0,0,0,1.14,1.14,,
89,Jack Fox,DET,26,P,17,0,,1,1,100,6,0,0,0,0,1,6,6,6,6,0.4,91.7,,0,0,0,6,6,,
Rk,Player,Tm,Age,Pos,G,GS,QBrec,Cmp,Att,Cmp%,Yds,TD,TD%,Int,Int%,1D,Lng,Y/A,AY/A,Y/C,Y/G,Rate,QBR,Sk,Yds,Sk%,NY/A,ANY/A,4QC,GWD
90,Najee Harris,PIT,24,RB,17,17,,1,1,100,4,0,0,0,0,0,4,4,4,4,0.2,83.3,10,0,0,0,4,4,,
91,Derrick Henry *,TEN,28,RB,16,16,,2,2,100,4,1,50,0,0,1,3,2,12,2,0.3,118.7,43.2,0,0,0,2,12,,
92,Mack Hollins,LVR,29,WR,17,16,,1,1,100,4,0,0,0,0,0,4,4,4,4,0.2,83.3,22.1,0,0,0,4,4,,
93,Andy Lee,ARI,40,P,17,0,,1,1,100,4,0,0,0,0,1,4,4,4,4,0.2,83.3,,0,0,0,4,4,,
94,Braxton Berrios,NYJ,27,WR,17,2,,1,1,100,2,1,100,0,0,1,2,2,22,2,0.1,118.7,99.5,0,0,0,2,22,,
95,Chase Claypool,2TM,24,WR,15,11,,1,1,100,1,1,100,0,0,1,1,1,21,1,0.1,118.7,100,0,0,0,1,21,0,0
96,Rex Burkhead,HOU,32,RB,16,0,,0,1,0,0,0,0,0,0,0,0,0,0,,0,39.6,2.9,0,0,0,0,0,,
97,Amari Cooper,CLE,28,WR,17,17,,0,1,0,0,0,0,1,100,0,0,0,-45,,0,0,0,0,0,0,0,-45,,
98,DeeJay Dallas,SEA,24,RB,15,0,,0,1,0,0,0,0,1,100,0,0,0,-45,,0,0,0,0,0,0,0,-45,,
99,Phillip Dorsett,HOU,29,WR,15,4,,0,1,0,0,0,0,0,0,0,0,0,0,,0,39.6,2.5,0,0,0,0,0,,
100,Leonard Fournette,TAM,27,RB,16,9,,0,1,0,0,0,0,1,100,0,0,0,-45,,0,0,0,0,0,0,0,-45,,
101,Chad Henne,KAN,37,QB,3,0,,0,2,0,0,0,0,0,0,0,0,0,0,,0,39.6,3.5,0,0,0,0,0,,
102,Christian Kirk,JAX,26,WR,17,17,,0,1,0,0,0,0,0,0,0,0,0,0,,0,39.6,9.9,0,0,0,0,0,,
103,Cooper Kupp,LAR,29,WR,9,9,,0,1,0,0,0,0,0,0,0,0,0,0,,0,39.6,3,0,0,0,0,0,,
104,James Proche,BAL,26,WR,15,0,,0,1,0,0,0,0,1,100,0,0,0,-45,,0,0,0,0,0,0,0,-45,,
105,Tommy Townsend*+,KAN,26,P,17,0,,0,1,0,0,0,0,0,0,0,0,0,0,,0,39.6,,0,0,0,0,0,,
106,Garrett Wilson,NYJ,22,WR,17,12,,0,1,0,0,0,0,0,0,0,0,0,0,,0,39.6,0.8,0,0,0,0,0,,
,,,,,,,,,,,,,,,,,,,,,,,,,,,,,,
More 2022 NFL Pages,,,,,,,,,,,,,,,,,,,,,,,,,,,,,,
,,,,,,,,,,,,,,,,,,,,,,,,,,,,,,
2022 NFL Season,,,,,,,,,,,,,,,,,,,,,,,,,,,,,,
,,,,,,,,,,,,,,,,,,,,,,,,,,,,,,
Standard Player Stats,,,,,,,,,,,,,,,,,,,,,,,,,,,,,,
Passing,,,,,,,,,,,,,,,,,,,,,,,,,,,,,,
Rushing,,,,,,,,,,,,,,,,,,,,,,,,,,,,,,
Receiving,,,,,,,,,,,,,,,,,,,,,,,,,,,,,,
Scrimmage Stats,,,,,,,,,,,,,,,,,,,,,,,,,,,,,,
Defense,,,,,,,,,,,,,,,,,,,,,,,,,,,,,,
Kicking,,,,,,,,,,,,,,,,,,,,,,,,,,,,,,
Punting,,,,,,,,,,,,,,,,,,,,,,,,,,,,,,
Kick & Punt Returns,,,,,,,,,,,,,,,,,,,,,,,,,,,,,,
Scoring,,,,,,,,,,,,,,,,,,,,,,,,,,,,,,
Fantasy Player Stats,,,,,,,,,,,,,,,,,,,,,,,,,,,,,,
Player Fantasy Ranks,,,,,,,,,,,,,,,,,,,,,,,,,,,,,,
Red Zone Passing,,,,,,,,,,,,,,,,,,,,,,,,,,,,,,
Red Zone Rushing,,,,,,,,,,,,,,,,,,,,,,,,,,,,,,
Red Zone Receiving,,,,,,,,,,,,,,,,,,,,,,,,,,,,,,
Defense vs. Pos,,,,,,,,,,,,,,,,,,,,,,,,,,,,,,
RB,,,,,,,,,,,,,,,,,,,,,,,,,,,,,,
TE,,,,,,,,,,,,,,,,,,,,,,,,,,,,,,
QB,,,,,,,,,,,,,,,,,,,,,,,,,,,,,,
WR,,,,,,,,,,,,,,,,,,,,,,,,,,,,,,
Weeks,,,,,,,,,,,,,,,,,,,,,,,,,,,,,,
Week 1,,,,,,,,,,,,,,,,,,,,,,,,,,,,,,
Week 2,,,,,,,,,,,,,,,,,,,,,,,,,,,,,,
Week 3,,,,,,,,,,,,,,,,,,,,,,,,,,,,,,
Week 4,,,,,,,,,,,,,,,,,,,,,,,,,,,,,,
Week 5,,,,,,,,,,,,,,,,,,,,,,,,,,,,,,
Week 6,,,,,,,,,,,,,,,,,,,,,,,,,,,,,,
Week 7,,,,,,,,,,,,,,,,,,,,,,,,,,,,,,
Week 8,,,,,,,,,,,,,,,,,,,,,,,,,,,,,,
Week 9,,,,,,,,,,,,,,,,,,,,,,,,,,,,,,
Week 10,,,,,,,,,,,,,,,,,,,,,,,,,,,,,,
Week 11,,,,,,,,,,,,,,,,,,,,,,,,,,,,,,
Week 12,,,,,,,,,,,,,,,,,,,,,,,,,,,,,,
Week 13,,,,,,,,,,,,,,,,,,,,,,,,,,,,,,
Week 14,,,,,,,,,,,,,,,,,,,,,,,,,,,,,,
Week 15,,,,,,,,,,,,,,,,,,,,,,,,,,,,,,
Week 16,,,,,,,,,,,,,,,,,,,,,,,,,,,,,,
Week 17,,,,,,,,,,,,,,,,,,,,,,,,,,,,,,
Week 18,,,,,,,,,,,,,,,,,,,,,,,,,,,,,,
Wild Card,,,,,,,,,,,,,,,,,,,,,,,,,,,,,,
Divisional,,,,,,,,,,,,,,,,,,,,,,,,,,,,,,
Conf Champ,,,,,,,,,,,,,,,,,,,,,,,,,,,,,,
Super Bowl,,,,,,,,,,,,,,,,,,,,,,,,,,,,,,
Awards,,,,,,,,,,,,,,,,,,,,,,,,,,,,,,
AllPro,,,,,,,,,,,,,,,,,,,,,,,,,,,,,,
Pro Bowl,,,,,,,,,,,,,,,,,,,,,,,,,,,,,,
Awards Voting,,,,,,,,,,,,,,,,,,,,,,,,,,,,,,
Team Defense,,,,,,,,,,,,,,,,,,,,,,,,,,,,,,
Leaders,,,,,,,,,,,,,,,,,,,,,,,,,,,,,,
Schedule,,,,,,,,,,,,,,,,,,,,,,,,,,,,,,
Coaches,,,,,,,,,,,,,,,,,,,,,,,,,,,,,,
Draft,,,,,,,,,,,,,,,,,,,,,,,,,,,,,,
College Football,,,,,,,,,,,,,,,,,,,,,,,,,,,,,,
Advanced Stats,,,,,,,,,,,,,,,,,,,,,,,,,,,,,,
Penalties,,,,,,,,,,,,,,,,,,,,,,,,,,,,,,
O-Line Penalties,,,,,,,,,,,,,,,,,,,,,,,,,,,,,,
Training Camps,,,,,,,,,,,,,,,,,,,,,,,,,,,,,,
Deaths,,,,,,,,,,,,,,,,,,,,,,,,,,,,,,
Debuts,,,,,,,,,,,,,,,,,,,,,,,,,,,,,,
Attendance,,,,,,,,,,,,,,,,,,,,,,,,,,,,,,
Preseason,,,,,,,,,,,,,,,,,,,,,,,,,,,,,,
Preseason Odds,,,,,,,,,,,,,,,,,,,,,,,,,,,,,,
Splits,,,,,,,,,,,,,,,,,,,,,,,,,,,,,,
Transactions,,,,,,,,,,,,,,,,,,,,,,,,,,,,,,
January,,,,,,,,,,,,,,,,,,,,,,,,,,,,,,
February,,,,,,,,,,,,,,,,,,,,,,,,,,,,,,
March,,,,,,,,,,,,,,,,,,,,,,,,,,,,,,
April,,,,,,,,,,,,,,,,,,,,,,,,,,,,,,
May,,,,,,,,,,,,,,,,,,,,,,,,,,,,,,
June,,,,,,,,,,,,,,,,,,,,,,,,,,,,,,
July,,,,,,,,,,,,,,,,,,,,,,,,,,,,,,
August,,,,,,,,,,,,,,,,,,,,,,,,,,,,,,
September,,,,,,,,,,,,,,,,,,,,,,,,,,,,,,
October,,,,,,,,,,,,,,,,,,,,,,,,,,,,,,
November,,,,,,,,,,,,,,,,,,,,,,,,,,,,,,
December,,,,,,,,,,,,,,,,,,,,,,,,,,,,,,
if (sr_detect_ie || sr_detect_edge || Modernizr.adfree) { } else { console.log('push ad:div-gpt-ad-728x90-Footer'); freestar.queue.push(function() { googletag.display('div-gpt-ad-728x90-Footer'); }); },,,,,,,,,,,,,,,,,,,,,,,,,,,,,,
Welcome  · Your Account,,,,,,,,,,,,,,,,,,,,,,,,,,,,,,
Logout,,,,,,,,,,,,,,,,,,,,,,,,,,,,,,
Login,,,,,,,,,,,,,,,,,,,,,,,,,,,,,,
Create Account,,,,,,,,,,,,,,,,,,,,,,,,,,,,,,
You are here: PFR Home Page > All Years > 2022 NFL > Passing,,,,,,,,,,,,,,,,,,,,,,,,,,,,,,
,,,,,,,,,,,,,,,,,,,,,,,,,,,,,,
Full Site Menu,,,,,,,,,,,,,,,,,,,,,,,,,,,,,,
Return to Top,,,,,,,,,,,,,,,,,,,,,,,,,,,,,,
Players,,,,,,,,,,,,,,,,,,,,,,,,,,,,,,
"In the News: Aaron Rodgers, Jordan Love, Adam Thielen, Lamar Jackson, Jimmy Garoppolo, Ezekiel Elliott ...",,,,,,,,,,,,,,,,,,,,,,,,,,,,,,
"Popular: Tom Brady, Cam Newton, Aaron Donald, Russell Wilson, Aaron Rodgers, Odell Beckham Jr., J.J. Watt, Peyton Manning, Patrick Mahomes, Julio Jones, Antonio Brown, Ben Roethlisberger, Drew Brees, Todd Gurley ...",,,,,,,,,,,,,,,,,,,,,,,,,,,,,,
"Hall of Famers, Pro Bowlers, MVPs, Player Linker Tool ...",,,,,,,,,,,,,,,,,,,,,,,,,,,,,,
Teams,,,,,,,,,,,,,,,,,,,,,,,,,,,,,,
"AFC East: Bills, Dolphins, Patriots, Jets",,,,,,,,,,,,,,,,,,,,,,,,,,,,,,
"AFC North: Bengals, Ravens, Steelers, Browns",,,,,,,,,,,,,,,,,,,,,,,,,,,,,,
"AFC South: Jaguars, Titans, Colts, Texans",,,,,,,,,,,,,,,,,,,,,,,,,,,,,,
"AFC West: Chiefs, Chargers, Raiders, Broncos",,,,,,,,,,,,,,,,,,,,,,,,,,,,,,
"NFC East: Eagles, Cowboys, Giants, Commanders",,,,,,,,,,,,,,,,,,,,,,,,,,,,,,
"NFC North: Vikings, Lions, Packers, Bears",,,,,,,,,,,,,,,,,,,,,,,,,,,,,,
"NFC South: Buccaneers, Panthers, Saints, Falcons",,,,,,,,,,,,,,,,,,,,,,,,,,,,,,
"NFC West: 49ers, Seahawks, Rams, Cardinals",,,,,,,,,,,,,,,,,,,,,,,,,,,,,,
Seasons,,,,,,,,,,,,,,,,,,,,,,,,,,,,,,
"Current Season, Current Season Schedule, Current Leaders",,,,,,,,,,,,,,,,,,,,,,,,,,,,,,
"2021, 2020, 2019, 2018, 2017, ...",,,,,,,,,,,,,,,,,,,,,,,,,,,,,,
NFL Leaders,,,,,,,,,,,,,,,,,,,,,,,,,,,,,,
"Career Passing Yards, Single Season Rush TD, Single Game Sacks ...",,,,,,,,,,,,,,,,,,,,,,,,,,,,,,
NFL Scores,,,,,,,,,,,,,,,,,,,,,,,,,,,,,,
"All-time Scores, Find a Score ...",,,,,,,,,,,,,,,,,,,,,,,,,,,,,,
NFL Draft,,,,,,,,,,,,,,,,,,,,,,,,,,,,,,
"2022 Draft, Draft Finder, Draft History ...",,,,,,,,,,,,,,,,,,,,,,,,,,,,,,
Stathead,,,,,,,,,,,,,,,,,,,,,,,,,,,,,,
"Player Finders: Season Finder, Game Finder, Streak Finder, Span Finder, Split Finder",,,,,,,,,,,,,,,,,,,,,,,,,,,,,,
"Team Finders: Season Finder, Game Finder, Streak Finder, Span Finder, Split Finder",,,,,,,,,,,,,,,,,,,,,,,,,,,,,,
"Other Finders: Touchdown Finder, Field Goal Finder, Game Play Finder, Drive Finder",,,,,,,,,,,,,,,,,,,,,,,,,,,,,,
Super Bowl Winners,,,,,,,,,,,,,,,,,,,,,,,,,,,,,,
"Super Bowl Leaders, Super Bowl Standings ...",,,,,,,,,,,,,,,,,,,,,,,,,,,,,,
Schools,,,,,,,,,,,,,,,,,,,,,,,,,,,,,,
"All Player Colleges, High Schools ...",,,,,,,,,,,,,,,,,,,,,,,,,,,,,,
NFL Coaches,,,,,,,,,,,,,,,,,,,,,,,,,,,,,,
"Active Coaches: Bill Belichick, Andy Reid, Mike Tomlin, Pete Carroll ...",,,,,,,,,,,,,,,,,,,,,,,,,,,,,,
"Historical Coaches: Don Shula, George Halas, Tom Landry, Curly Lambeau ...",,,,,,,,,,,,,,,,,,,,,,,,,,,,,,
Executives,,,,,,,,,,,,,,,,,,,,,,,,,,,,,,
"Bud Adams, Scott Pioli, George Halas ...",,,,,,,,,,,,,,,,,,,,,,,,,,,,,,
NFL Officials,,,,,,,,,,,,,,,,,,,,,,,,,,,,,,
"Ed Hochuli, Tony Steratore, Terry McAulay ...",,,,,,,,,,,,,,,,,,,,,,,,,,,,,,
Fantasy Football Stats,,,,,,,,,,,,,,,,,,,,,,,,,,,,,,
"Current Fantasy Matchups, Fantasy Points Allowed ...",,,,,,,,,,,,,,,,,,,,,,,,,,,,,,
Stadiums,,,,,,,,,,,,,,,,,,,,,,,,,,,,,,
"Lambeau Field, Superdome, Candlestick Park ...",,,,,,,,,,,,,,,,,,,,,,,,,,,,,,
NFL Awards,,,,,,,,,,,,,,,,,,,,,,,,,,,,,,
"Pro Football Hall of Fame, AP NFL MVP, Pro Bowl ...",,,,,,,,,,,,,,,,,,,,,,,,,,,,,,
Frivolities,,,,,,,,,,,,,,,,,,,,,,,,,,,,,,
"Player Linker Tool, Birthdays, Uniform Numbers ...",,,,,,,,,,,,,,,,,,,,,,,,,,,,,,
About,,,,,,,,,,,,,,,,,,,,,,,,,,,,,,
"Glossary, Stat Minimums, Frequently Asked Questions about the NFL and Football ...",,,,,,,,,,,,,,,,,,,,,,,,,,,,,,
Pro-Football-Reference.com Blog and Articles,,,,,,,,,,,,,,,,,,,,,,,,,,,,,,
,,,,,,,,,,,,,,,,,,,,,,,,,,,,,,
We're Social...for Statheads,,,,,,,,,,,,,,,,,,,,,,,,,,,,,,
,,,,,,,,,,,,,,,,,,,,,,,,,,,,,,
Every Sports Reference Social Media Account,,,,,,,,,,,,,,,,,,,,,,,,,,,,,,
,,,,,,,,,,,,,,,,,,,,,,,,,,,,,,
"Site Last Updated: Saturday, March 25, 2:31PM",,,,,,,,,,,,,,,,,,,,,,,,,,,,,,
,,,,,,,,,,,,,,,,,,,,,,,,,,,,,,
"Question, Comment, Feedback, or Correction?",,,,,,,,,,,,,,,,,,,,,,,,,,,,,,
,,,,,,,,,,,,,,,,,,,,,,,,,,,,,,
Subscribe to our Free Email Newsletter,,,,,,,,,,,,,,,,,,,,,,,,,,,,,,
,,,,,,,,,,,,,,,,,,,,,,,,,,,,,,
Subscribe to Stathead Football: Get your first month FREE,,,,,,,,,,,,,,,,,,,,,,,,,,,,,,
Your All-Access Ticket to the Pro Football Reference Database,,,,,,,,,,,,,,,,,,,,,,,,,,,,,,
,,,,,,,,,,,,,,,,,,,,,,,,,,,,,,
Do you have a sports website? Or write about sports? We have tools and resources that can help you use sports data. Find out more.,,,,,,,,,,,,,,,,,,,,,,,,,,,,,,
,,,,,,,,,,,,,,,,,,,,,,,,,,,,,,
"FAQs, Tip & Tricks",,,,,,,,,,,,,,,,,,,,,,,,,,,,,,
Learn about the Approximate Value Formula,,,,,,,,,,,,,,,,,,,,,,,,,,,,,,
Details on the Pro Football Reference Win Probability,,,,,,,,,,,,,,,,,,,,,,,,,,,,,,
Tips and Tricks from our Blog.,,,,,,,,,,,,,,,,,,,,,,,,,,,,,,
Do you have a blog? Join our linker program.,,,,,,,,,,,,,,,,,,,,,,,,,,,,,,
Watch our How-To Videos to Become a Stathead,,,,,,,,,,,,,,,,,,,,,,,,,,,,,,
Subscribe to Stathead and get access to more data than you can imagine,,,,,,,,,,,,,,,,,,,,,,,,,,,,,,
,,,,,,,,,,,,,,,,,,,,,,,,,,,,,,
All logos are the trademark & property of their owners and not Sports Reference LLC. We present them here for purely educational purposes. Our reasoning for presenting offensive logos.,,,,,,,,,,,,,,,,,,,,,,,,,,,,,,
,,,,,,,,,,,,,,,,,,,,,,,,,,,,,,
Logos were compiled by the amazing SportsLogos.net.,,,,,,,,,,,,,,,,,,,,,,,,,,,,,,
,,,,,,,,,,,,,,,,,,,,,,,,,,,,,,
Data Provided By ,,,,,,,,,,,,,,,,,,,,,,,,,,,,,,
,,,,,,,,,,,,,,,,,,,,,,,,,,,,,,
,,,,,,,,,,,,,,,,,,,,,,,,,,,,,,
Copyright © 2000-2023 Sports Reference LLC. All rights reserved.,,,,,,,,,,,,,,,,,,,,,,,,,,,,,,
,,,,,,,,,,,,,,,,,,,,,,,,,,,,,,
The SPORTS REFERENCE and STATHEAD trademarks are owned exclusively by Sports Reference LLC. Use without license or authorization is expressly prohibited.,,,,,,,,,,,,,,,,,,,,,,,,,,,,,,
,,,,,,,,,,,,,,,,,,,,,,,,,,,,,,
Please see our Contributors and Sources page for data source details.,,,,,,,,,,,,,,,,,,,,,,,,,,,,,,
,,,,,,,,,,,,,,,,,,,,,,,,,,,,,,
Sports Reference ®,,,,,,,,,,,,,,,,,,,,,,,,,,,,,,
Baseball,,,,,,,,,,,,,,,,,,,,,,,,,,,,,,
Football (college),,,,,,,,,,,,,,,,,,,,,,,,,,,,,,
Basketball (college),,,,,,,,,,,,,,,,,,,,,,,,,,,,,,
Hockey,,,,,,,,,,,,,,,,,,,,,,,,,,,,,,
Fútbol,,,,,,,,,,,,,,,,,,,,,,,,,,,,,,
Blog,,,,,,,,,,,,,,,,,,,,,,,,,,,,,,
Stathead ®,,,,,,,,,,,,,,,,,,,,,,,,,,,,,,
About • Conditions & Terms of Service • Advertise With Us • Jobs at SR,,,,,,,,,,,,,,,,,,,,,,,,,,,,,,
,,,,,,,,,,,,,,,,,,,,,,,,,,,,,,
"Sports Reference Purpose: We will be the trusted source of information and tools that inspire and empower users to enjoy, understand, and share the sports they love.",,,,,,,,,,,,,,,,,,,,,,,,,,,,,,
,,,,,,,,,,,,,,,,,,,,,,,,,,,,,,
Privacy Policy • Gambling Revenue Policy • Accessibility Policy • Use of Data,,,,,,,,,,,,,,,,,,,,,,,,,,,,,,
if (sr_detect_ie || sr_detect_edge || Modernizr.adfree) { } else { console.log('push ad:div-gpt-ad-160x600-1'); freestar.queue.push(function() { googletag.display('div-gpt-ad-160x600-1'); }); },,,,,,,,,,,,,,,,,,,,,,,,,,,,,,
if (sr_detect_ie || sr_detect_edge || Modernizr.adfree) { } else { console.log('push ad:div-gpt-ad-160x600-2'); freestar.queue.push(function() { googletag.display('div-gpt-ad-160x600-2'); }); },,,,,,,,,,,,,,,,,,,,,,,,,,,,,,
"var sr_gender = """"; var sr_cookie = vjs_readCookie('stathead_user') || ''; var sr_cookie_split = sr_cookie.split(""::""); var sr_session_key = (sr_cookie_split.length > 1)?sr_cookie_split[2]:''; var sr_ad_free_key = ""3""; var sr_site_id = ""pfr""; var sr_is_subscriber = (sr_ad_free_key && sr_session_key.vjs_isMatch(new RegExp(sr_ad_free_key + ""$""))) || sr_session_key.vjs_isMatch(/1$/) || (sr_site_id === 'stathead' && sr_session_key.vjs_isMatch(/[0-7]$/)); var sr_is_user = sr_cookie !== null && sr_cookie !== ''; var sr_seen_modal = vjs_readCookie('modal_ad') !== null; var sr_device = 'unk'; if (Modernizr.phone) { sr_device = 'phone'; } else if (Modernizr.tablet) { sr_device = 'tablet'; } else if (Modernizr.laptop) { sr_device = 'laptop'; } else if (Modernizr.desktop) { sr_device = 'desktop'; } var sr_stathead_site = vjs_readCookie('stathead_site') || ''; var sr_stathead_type = vjs_readCookie('stathead_type') || ''; /* new gtag theres an extra script tag we need to add that I'm not sure how that work for multiple ID's for GA, docs say to ignore it??? https://developers.google.com/tag-platform/gtagjs/install here they have 3 but just use the last one? */ window.dataLayer = window.dataLayer || []; function gtag(){dataLayer.push(arguments);} gtag('js', new Date()); /* OLD, could not find require within reference docs https://developers.google.com/tag-platform/gtagjs/reference ga('require', 'linkid', 'linkid.js'); ga('require', 'ecommerce', 'ecommerce.js'); ga('require', 'displayfeatures'); */ /* new, creates+sends+sets */ /* for fbref we want to allow for tracking of 'men' and 'women' pages for leagues, clubs and players, so we can track the most popular women players easily. In Footer.tt2 there is a place to set sr_gender. */ gtag('config', 'UA-1890630-3', { 'dimension1': sr_is_subscriber, 'dimension2': sr_is_user, 'dimension3': typeof(sr_gender) === 'string'? sr_gender: null, 'dimension4': sr_stathead_type, 'dimension5': sr_stathead_site, 'metric1': Modernizr.viewport_width }); /* all sr-sites together */ /* new, I believe linker works as a parameter here, although there didn\'t seem to be a simple ""true"" value to set besides this one https://developers.google.com/analytics/devguides/collection/gtagjs/cross-domain */ gtag('config', 'UA-1890630-9', { 'linker': { 'domains' : ['stathead.com'] }, 'dimension1': sr_site_id, 'dimension2': sr_is_subscriber, 'dimension3': sr_is_user, 'dimension4': sr_seen_modal, 'dimension5': sr_device, 'dimension6': 'null', 'metric1': Modernizr.viewport_width, 'dimension8': (typeof sr_test == 'undefined')?'no-test':( sr_test ? 'non-blocking':'blocking') }); /* new, cribbed from: https://www.axllent.org/docs/track-outbound-links-with-gtag-js/ */ function _gaLt(event) { /* if GA is blocked or not loaded, or not main|middle|touch click then don\'t track */ if (typeof gtag == ""undefined"" || (event.which != 1 && event.which != 2)) { return; } var el = event.srcElement || event.target; /* loop up the DOM tree through parent elements if clicked element is not a link (eg: an image inside a link) */ while ( el && (typeof el.tagName == ""undefined"" || el.tagName.toLowerCase() != ""a"" || !el.href) ) { el = el.parentNode; } /* if a link with valid href has been clicked */ if (el && el.href) { var link = el.href; /* only if it is an external link */ if (link.indexOf(location.host) == -1 && !link.match(/^javascript\:/i)) { /* is target set and _(self|parent|top) */ var target = el.target && !el.target.match(/^_(self|parent|top)/i) ? el.target : false; /* assume a target if (ctrl|shift|meta)-click */ if ( event.ctrlKey || event.shiftKey || event.metaKey || event.which == 2 ) { target = ""_blank""; } /* tracker has not yet run */ var hbrun = false; /* hitBack to open link in same window after tracker */ var hitBack = function () { /* run once only */ if (hbrun) return; hbrun = true; window.location.href = link; }; if (target) { /* if target opens a new window then just track */ gtag(""event"", link, { event_category: ""Outgoing Links"", event_label: document.location.pathname + document.location.search, }); } else { /* Prevent standard click, track then open */ if (event.type == ""mousedown"") { var blockClick = function (event) { event.preventDefault(); /* remove click event after click */ el.removeEventListener(""click"", boundClick); }; /* bind the click event */ var boundClick = blockClick.bind(event); /* prevent the click */ el.addEventListener(""click"", boundClick); } event.preventDefault ? event.preventDefault() : (event.returnValue = !1); /* send event with callback */ gtag(""event"", link, { event_category: ""Outgoing Links"", event_label: document.location.pathname + document.location.search, event_callback: hitBack, }); /* Run hitBack again if GA takes longer than 1 second */ setTimeout(hitBack, 1000); } } } } var _w = window; /* Use ""click"" if touchscreen device, else ""mousedown"" */ var _gaLtEvt = ""ontouchstart"" in _w ? ""click"" : ""mousedown""; /* Attach the event to all clicks in the document after page has loaded */ _w.addEventListener( ""load"", function () { document.body.addEventListener(_gaLtEvt, _gaLt, !1); }, !1 );",,,,,,,,,,,,,,,,,,,,,,,,,,,,,,